data;vxewz
6-abr-20;80.26
3-abr-20;87.19
2-abr-20;85.32
1-abr-20;89.73
31-mar-20;84.5
30-mar-20;90.9
27-mar-20;97.32
26-mar-20;87.04
25-mar-20;105.55
24-mar-20;117.11
23-mar-20;134.61
20-mar-20;134.93
19-mar-20;140.83
18-mar-20;144.17
17-mar-20;125.96
16-mar-20;144.42
13-mar-20;103.74
12-mar-20;100.13
11-mar-20;77.2
10-mar-20;58.14
9-mar-20;64.79
6-mar-20;48.23
5-mar-20;42.87
4-mar-20;36.28
3-mar-20;40.98
2-mar-20;37.63
28-fev-20;46.45
27-fev-20;40.03
26-fev-20;34.17
25-fev-20;34.23
24-fev-20;32.37
21-fev-20;27.26
20-fev-20;25.34
19-fev-20;24.77
18-fev-20;26.05
14-fev-20;25.42
13-fev-20;26.57
12-fev-20;25.88
11-fev-20;26.68
10-fev-20;27.58
7-fev-20;28.09
6-fev-20;27.63
5-fev-20;26.43
4-fev-20;27.61
3-fev-20;29.33
31-jan-20;31
30-jan-20;28.32
29-jan-20;27.58
28-jan-20;27.63
27-jan-20;29.84
24-jan-20;25.24
23-jan-20;24.14
22-jan-20;24.66
21-jan-20;26.33
17-jan-20;23.96
16-jan-20;24.9
15-jan-20;25.89
14-jan-20;25.08
13-jan-20;25.82
10-jan-20;26.68
9-jan-20;26.8
8-jan-20;28.14
7-jan-20;27.55
6-jan-20;27.86
3-jan-20;26.32
2-jan-20;25.39
31-dez-19;27.42
30-dez-19;27.69
27-dez-19;25.88
26-dez-19;23.96
24-dez-19;24.13
23-dez-19;23.73
20-dez-19;24.36
19-dez-19;23.95
18-dez-19;24.26
17-dez-19;23.73
16-dez-19;23.86
13-dez-19;23.95
12-dez-19;24.36
11-dez-19;25.25
10-dez-19;26
9-dez-19;25.44
6-dez-19;24.44
5-dez-19;25.57
4-dez-19;25.25
3-dez-19;26.46
2-dez-19;25.84
29-nov-19;26.74
27-nov-19;27.11
26-nov-19;27.59
25-nov-19;26.65
22-nov-19;26.92
21-nov-19;27.61
20-nov-19;28.61
19-nov-19;29.16
18-nov-19;29.36
15-nov-19;27.82
14-nov-19;29.92
13-nov-19;30.03
12-nov-19;30.82
11-nov-19;30.16
8-nov-19;29.53
7-nov-19;27.2
6-nov-19;27.96
5-nov-19;28.55
4-nov-19;29.14
1-nov-19;27.88
31-out-19;27.55
30-out-19;26.57
29-out-19;27.45
28-out-19;27.15
25-out-19;26.82
24-out-19;27.58
23-out-19;27.21
22-out-19;28.1
21-out-19;28.17
18-out-19;28.4
17-out-19;29.36
16-out-19;28.75
15-out-19;28.71
14-out-19;29.59
11-out-19;29.76
10-out-19;31.84
9-out-19;32.65
8-out-19;33.51
7-out-19;32.65
4-out-19;30.25
3-out-19;32
2-out-19;33.04
1-out-19;30.87
30-set-19;29.95
27-set-19;30.39
26-set-19;29.71
25-set-19;30.54
24-set-19;30.71
23-set-19;29.47
20-set-19;29.51
19-set-19;29.72
18-set-19;30.55
17-set-19;31.36
16-set-19;31.88
13-set-19;30.71
12-set-19;29.75
11-set-19;30.31
10-set-19;31.35
9-set-19;31.2
6-set-19;30.72
5-set-19;31.88
4-set-19;31.98
3-set-19;32.9
30-ago-19;31.47
29-ago-19;33.15
28-ago-19;34.94
27-ago-19;36.94
26-ago-19;37.35
23-ago-19;36.42
22-ago-19;32.85
21-ago-19;33.13
20-ago-19;34.13
19-ago-19;35.06
16-ago-19;33.52
15-ago-19;35.36
14-ago-19;35.31
13-ago-19;31.32
12-ago-19;32.93
9-ago-19;29.86
8-ago-19;30.38
7-ago-19;32.38
6-ago-19;32.41
5-ago-19;34.21
2-ago-19;29.5
1-ago-19;30.53
31-jul-19;29.44
30-jul-19;28.71
29-jul-19;28.4
26-jul-19;27.28
25-jul-19;28.49
24-jul-19;27.21
23-jul-19;27.84
22-jul-19;27.59
19-jul-19;26.77
18-jul-19;25.84
17-jul-19;26.99
16-jul-19;27.12
15-jul-19;27.28
12-jul-19;27.94
11-jul-19;27.34
10-jul-19;28.86
9-jul-19;30.9
8-jul-19;31.38
5-jul-19;30.35
3-jul-19;31.98
2-jul-19;32.28
1-jul-19;31.52
28-jun-19;31.75
27-jun-19;31.69
26-jun-19;31.82
25-jun-19;32.86
24-jun-19;30.89
21-jun-19;29.84
20-jun-19;29.9
19-jun-19;30.83
18-jun-19;32.66
17-jun-19;33.53
14-jun-19;33.17
13-jun-19;31.99
12-jun-19;32.47
11-jun-19;32.17
10-jun-19;33.1
7-jun-19;31.81
6-jun-19;33.04
5-jun-19;34.11
4-jun-19;32.84
3-jun-19;33.47
31-mai-19;33.14
30-mai-19;32.95
29-mai-19;32.41
28-mai-19;32.77
24-mai-19;32.3
23-mai-19;32.93
22-mai-19;33.01
21-mai-19;33.29
20-mai-19;35.55
17-mai-19;34.93
16-mai-19;34.35
15-mai-19;33.98
14-mai-19;34.21
13-mai-19;36.77
10-mai-19;33.48
9-mai-19;34.36
8-mai-19;33.21
7-mai-19;33.7
6-mai-19;32.39
3-mai-19;29.73
2-mai-19;30.55
1-mai-19;31.03
30-abr-19;30.24
29-abr-19;31.12
26-abr-19;30.48
25-abr-19;30.66
24-abr-19;31.63
23-abr-19;31.02
22-abr-19;31.7
18-abr-19;30.72
17-abr-19;31.95
16-abr-19;31.28
15-abr-19;31.35
12-abr-19;32.15
11-abr-19;30.17
10-abr-19;29.31
9-abr-19;30.08
8-abr-19;30.06
5-abr-19;30.23
4-abr-19;31.59
3-abr-19;32.4
2-abr-19;31.25
1-abr-19;32.51
29-mar-19;34.82
28-mar-19;35.96
27-mar-19;37.7
26-mar-19;33.11
25-mar-19;36.03
22-mar-19;37.61
21-mar-19;31.61
20-mar-19;30.16
19-mar-19;28.4
18-mar-19;28.44
15-mar-19;27.92
14-mar-19;28.48
13-mar-19;28.27
12-mar-19;28.43
11-mar-19;29.2
8-mar-19;31.09
7-mar-19;31.86
6-mar-19;31.81
5-mar-19;30.29
4-mar-19;30.96
1-mar-19;30.28
28-fev-19;29.97
27-fev-19;28.98
26-fev-19;29.28
25-fev-19;30.24
22-fev-19;29.46
21-fev-19;30.89
20-fev-19;31.93
19-fev-19;31.82
15-fev-19;31.04
14-fev-19;29.89
13-fev-19;30.92
12-fev-19;31.77
11-fev-19;31.91
8-fev-19;31.51
7-fev-19;32.26
6-fev-19;33.2
5-fev-19;30.7
4-fev-19;31.3
1-fev-19;30.61
31-jan-19;32
30-jan-19;32.19
29-jan-19;33.02
28-jan-19;33.9
25-jan-19;32.37
24-jan-19;32.08
23-jan-19;32.46
22-jan-19;33.35
18-jan-19;30.06
17-jan-19;31.31
16-jan-19;30.88
15-jan-19;32.48
14-jan-19;32.73
11-jan-19;30.84
10-jan-19;31.93
9-jan-19;31.86
8-jan-19;33.85
7-jan-19;34.51
4-jan-19;34.57
3-jan-19;35.98
2-jan-19;36.17
31-dez-18;37.02
28-dez-18;37.28
27-dez-18;37.43
26-dez-18;37.09
24-dez-18;38.03
21-dez-18;35.93
20-dez-18;35.52
19-dez-18;35.8
18-dez-18;34.68
17-dez-18;34.77
14-dez-18;33.33
13-dez-18;32.54
12-dez-18;34.17
11-dez-18;35.59
10-dez-18;36.51
7-dez-18;34.87
6-dez-18;34.17
4-dez-18;33.9
3-dez-18;32.8
30-nov-18;35.04
29-nov-18;36.38
28-nov-18;36.47
27-nov-18;37.41
26-nov-18;39.76
23-nov-18;37.82
21-nov-18;37.23
20-nov-18;39.67
19-nov-18;36.66
16-nov-18;36.53
15-nov-18;38.44
14-nov-18;39.47
13-nov-18;40.52
12-nov-18;41.18
9-nov-18;39.16
8-nov-18;39.38
7-nov-18;38.72
6-nov-18;39.97
5-nov-18;40.38
2-nov-18;40.05
1-nov-18;40.81
31-out-18;41.48
30-out-18;41.67
29-out-18;43.17
26-out-18;46.85
25-out-18;44.65
24-out-18;46.41
23-out-18;42.05
22-out-18;41.12
19-out-18;41.56
18-out-18;41.34
17-out-18;39.08
16-out-18;38.31
15-out-18;40.84
12-out-18;40.9
11-out-18;47
10-out-18;51.01
9-out-18;45.09
8-out-18;46.38
5-out-18;55.66
4-out-18;52.28
3-out-18;50.08
2-out-18;49.49
1-out-18;48.36
28-set-18;48.25
27-set-18;48.59
26-set-18;47.65
25-set-18;48.41
24-set-18;48.55
21-set-18;45.74
20-set-18;44.84
19-set-18;45.36
18-set-18;49.98
17-set-18;54.64
14-set-18;54.43
13-set-18;55.02
12-set-18;52.77
11-set-18;53.04
10-set-18;52.87
7-set-18;51.31
6-set-18;50.98
5-set-18;51.88
4-set-18;51.7
31-ago-18;46.65
30-ago-18;47.91
29-ago-18;45.98
28-ago-18;46.13
27-ago-18;44.98
24-ago-18;43.6
23-ago-18;43.36
22-ago-18;40.08
21-ago-18;40.85
20-ago-18;37.9
17-ago-18;37.07
16-ago-18;34.81
15-ago-18;34.71
14-ago-18;31.82
13-ago-18;34.17
10-ago-18;38.56
9-ago-18;35.11
8-ago-18;34.79
7-ago-18;35.41
6-ago-18;34.23
3-ago-18;32.71
2-ago-18;32.42
1-ago-18;31.64
31-jul-18;32.18
30-jul-18;31.65
27-jul-18;31.29
26-jul-18;32.13
25-jul-18;32
24-jul-18;32.51
23-jul-18;33.29
20-jul-18;32.23
19-jul-18;33.31
18-jul-18;31.79
17-jul-18;31.14
16-jul-18;31.97
13-jul-18;32.96
12-jul-18;32.54
11-jul-18;32.7
10-jul-18;31.34
9-jul-18;33.08
6-jul-18;33.54
5-jul-18;34.78
3-jul-18;34.75
2-jul-18;35.01
29-jun-18;34.1
28-jun-18;34.71
27-jun-18;35.6
26-jun-18;33.56
25-jun-18;34.58
22-jun-18;34.59
21-jun-18;36.13
20-jun-18;34.55
19-jun-18;34.17
18-jun-18;33.86
15-jun-18;33.9
14-jun-18;35.93
13-jun-18;33.32
12-jun-18;34.29
11-jun-18;35.13
8-jun-18;35.11
7-jun-18;38.94
6-jun-18;31.14
5-jun-18;29.87
4-jun-18;29.15
1-jun-18;29.96
31-mai-18;29.67
30-mai-18;30.92
29-mai-18;33.66
25-mai-18;31
24-mai-18;31.01
23-mai-18;31.58
22-mai-18;31.96
21-mai-18;31.41
18-mai-18;32.32
17-mai-18;31.83
16-mai-18;28.87
15-mai-18;28.29
14-mai-18;27.87
11-mai-18;27.25
10-mai-18;26.61
9-mai-18;28.22
8-mai-18;28.47
7-mai-18;28.24
4-mai-18;27.96
3-mai-18;28.81
2-mai-18;28.4
1-mai-18;27.9
30-abr-18;27.75
27-abr-18;26.53
26-abr-18;27.7
25-abr-18;30.24
24-abr-18;27.64
23-abr-18;27.58
20-abr-18;26.69
19-abr-18;26.44
18-abr-18;26.59
17-abr-18;28.34
16-abr-18;30.08
13-abr-18;30.15
12-abr-18;30.04
11-abr-18;31.04
10-abr-18;32.02
9-abr-18;33.54
6-abr-18;31.13
5-abr-18;30.42
4-abr-18;33.96
3-abr-18;33.42
2-abr-18;32.94
29-mar-18;30.28
28-mar-18;32.13
27-mar-18;32.5
26-mar-18;31.62
23-mar-18;32.42
22-mar-18;31.21
21-mar-18;28.5
20-mar-18;30.07
19-mar-18;30.01
16-mar-18;25.52
15-mar-18;28.68
14-mar-18;26.47
13-mar-18;28.58
12-mar-18;27.29
9-mar-18;28.38
8-mar-18;31.38
7-mar-18;31.11
6-mar-18;30.24
5-mar-18;31.84
2-mar-18;31.58
1-mar-18;32.12
28-fev-18;31.7
27-fev-18;28.35
26-fev-18;27.24
23-fev-18;27.52
22-fev-18;28.89
21-fev-18;29.81
20-fev-18;30.08
16-fev-18;29.69
15-fev-18;29.62
14-fev-18;29.79
13-fev-18;35.64
12-fev-18;35.71
9-fev-18;39.86
8-fev-18;42.6
7-fev-18;38.08
6-fev-18;36.42
5-fev-18;30.09
2-fev-18;32.11
1-fev-18;28.39
31-jan-18;29.09
30-jan-18;29.51
29-jan-18;29.82
26-jan-18;27.7
25-jan-18;27.8
24-jan-18;27.16
23-jan-18;34.21
22-jan-18;32.14
19-jan-18;33.08
18-jan-18;33.08
17-jan-18;32.99
16-jan-18;33.06
12-jan-18;31.38
11-jan-18;30.9
10-jan-18;30.97
9-jan-18;29.86
8-jan-18;28.83
5-jan-18;28.58
4-jan-18;29.37
3-jan-18;29.57
2-jan-18;29.48
29-dez-17;27.22
28-dez-17;25.63
27-dez-17;26.22
26-dez-17;25.86
22-dez-17;24.99
21-dez-17;26.54
20-dez-17;25.45
19-dez-17;24.19
18-dez-17;27.1
15-dez-17;25.78
14-dez-17;29.43
13-dez-17;28.95
12-dez-17;30.13
11-dez-17;31.88
8-dez-17;33.44
7-dez-17;34.66
6-dez-17;35.73
5-dez-17;35.06
4-dez-17;35.15
1-dez-17;34.57
30-nov-17;33.5
29-nov-17;33.62
28-nov-17;33.25
27-nov-17;33.27
24-nov-17;33.19
22-nov-17;32.6
21-nov-17;33.45
20-nov-17;32.55
17-nov-17;33.96
16-nov-17;33
15-nov-17;33.49
14-nov-17;34.49
13-nov-17;34.65
10-nov-17;33.62
9-nov-17;34.28
8-nov-17;32.54
7-nov-17;32.52
6-nov-17;31.23
3-nov-17;31.64
2-nov-17;30.37
1-nov-17;32.04
31-out-17;33.06
30-out-17;35.04
27-out-17;31.55
26-out-17;31.87
25-out-17;29.52
24-out-17;29.86
23-out-17;29.97
20-out-17;27.97
19-out-17;28.05
18-out-17;27.43
17-out-17;27.1
16-out-17;28
13-out-17;27.27
12-out-17;28.94
11-out-17;28.95
10-out-17;29.57
9-out-17;32.17
6-out-17;30.34
5-out-17;29.07
4-out-17;28.06
3-out-17;28.07
2-out-17;30.77
29-set-17;30.63
28-set-17;31.88
27-set-17;32.75
26-set-17;31.11
25-set-17;31.38
22-set-17;28.69
21-set-17;28.87
20-set-17;28.68
19-set-17;28.39
18-set-17;28.28
15-set-17;28.88
14-set-17;29.17
13-set-17;29.88
12-set-17;29.71
11-set-17;29.39
8-set-17;27.43
7-set-17;26.43
6-set-17;27.07
5-set-17;27.43
1-set-17;24.64
31-ago-17;25.24
30-ago-17;25.71
29-ago-17;25.38
28-ago-17;25.66
25-ago-17;25.08
24-ago-17;25.37
23-ago-17;25.44
22-ago-17;25.85
21-ago-17;26.12
18-ago-17;24.7
17-ago-17;25.21
16-ago-17;23.86
15-ago-17;25.09
14-ago-17;25.89
11-ago-17;27.87
10-ago-17;28.91
9-ago-17;25.94
8-ago-17;25.18
7-ago-17;24.39
4-ago-17;24.33
3-ago-17;24.94
2-ago-17;24.92
1-ago-17;24.78
31-jul-17;25.31
28-jul-17;25.22
27-jul-17;25.33
26-jul-17;24.64
25-jul-17;25.01
24-jul-17;25.66
21-jul-17;25.26
20-jul-17;24.87
19-jul-17;26.27
18-jul-17;26.58
17-jul-17;26.07
14-jul-17;26.07
13-jul-17;26.98
12-jul-17;28.72
11-jul-17;29.19
10-jul-17;29.8
7-jul-17;30.23
6-jul-17;30.96
5-jul-17;29.32
3-jul-17;30.18
30-jun-17;30.62
29-jun-17;32.28
28-jun-17;31.67
27-jun-17;32.7
26-jun-17;30.99
23-jun-17;29.95
22-jun-17;30.94
21-jun-17;34.25
20-jun-17;33.55
19-jun-17;31.2
16-jun-17;30.25
15-jun-17;32.33
14-jun-17;32.9
13-jun-17;33.19
12-jun-17;37.37
9-jun-17;35.93
8-jun-17;35.23
7-jun-17;34.9
6-jun-17;36.13
5-jun-17;37.51
2-jun-17;37.69
1-jun-17;38.48
31-mai-17;38.29
30-mai-17;38.62
26-mai-17;40.6
25-mai-17;42.49
24-mai-17;41.14
23-mai-17;41.4
22-mai-17;43.89
19-mai-17;43.79
18-mai-17;50.34
17-mai-17;36.41
16-mai-17;32.23
15-mai-17;32.5
12-mai-17;31.46
11-mai-17;32.87
10-mai-17;31.97
9-mai-17;31.41
8-mai-17;31.81
5-mai-17;31.36
4-mai-17;31.98
3-mai-17;30.21
2-mai-17;30.2
1-mai-17;29.79
28-abr-17;29.91
27-abr-17;30.27
26-abr-17;31.5
25-abr-17;29.6
24-abr-17;29.56
21-abr-17;35.7
20-abr-17;35.64
19-abr-17;35.7
18-abr-17;34.9
17-abr-17;34.54
13-abr-17;34.94
12-abr-17;34.03
11-abr-17;33.96
10-abr-17;32.17
7-abr-17;31.6
6-abr-17;31.65
5-abr-17;30.62
4-abr-17;29.69
3-abr-17;30.6
31-mar-17;30.75
30-mar-17;31.53
29-mar-17;32.02
28-mar-17;33.68
27-mar-17;35.55
24-mar-17;34.59
23-mar-17;35.68
22-mar-17;34.35
21-mar-17;33.3
20-mar-17;30.07
17-mar-17;29.77
16-mar-17;29.9
15-mar-17;30.24
14-mar-17;31.3
13-mar-17;30.69
10-mar-17;32.55
9-mar-17;33.21
8-mar-17;33.08
7-mar-17;31.36
6-mar-17;32.65
3-mar-17;33.21
2-mar-17;33.46
1-mar-17;31.32
28-fev-17;32.27
27-fev-17;30.42
24-fev-17;30.09
23-fev-17;28.58
22-fev-17;27.91
21-fev-17;27.12
17-fev-17;27.07
16-fev-17;27.26
15-fev-17;27.18
14-fev-17;26.49
13-fev-17;26.34
10-fev-17;26.37
9-fev-17;26.39
8-fev-17;26.34
7-fev-17;27.8
6-fev-17;28.47
3-fev-17;27.98
2-fev-17;29.17
1-fev-17;30.32
31-jan-17;31.41
30-jan-17;31.45
27-jan-17;28.79
26-jan-17;29.79
25-jan-17;28.65
24-jan-17;29.27
23-jan-17;29.33
20-jan-17;29.57
19-jan-17;33.03
18-jan-17;33.02
17-jan-17;32.87
13-jan-17;32.13
12-jan-17;32.74
11-jan-17;33.87
10-jan-17;33.62
9-jan-17;34.79
6-jan-17;34.22
5-jan-17;33.98
4-jan-17;34.66
3-jan-17;35.65
30-dez-16;35.57
29-dez-16;34.32
28-dez-16;35.16
27-dez-16;35.4
23-dez-16;34.35
22-dez-16;35.07
21-dez-16;35.3
20-dez-16;35.53
19-dez-16;35.6
16-dez-16;36.16
15-dez-16;35.92
14-dez-16;38.12
13-dez-16;37.29
12-dez-16;40.17
9-dez-16;37.79
8-dez-16;37.53
7-dez-16;37.08
6-dez-16;37.73
5-dez-16;39.49
2-dez-16;42.87
1-dez-16;44.98
30-nov-16;38.53
29-nov-16;38.92
28-nov-16;38.08
25-nov-16;37.68
23-nov-16;36.01
22-nov-16;35.69
21-nov-16;36.65
18-nov-16;39.37
17-nov-16;39.76
16-nov-16;42.4
15-nov-16;42.97
14-nov-16;46.31
11-nov-16;45.24
10-nov-16;41.21
9-nov-16;34.23
8-nov-16;35.72
7-nov-16;36.7
4-nov-16;38.92
3-nov-16;38.1
2-nov-16;37.37
1-nov-16;36.12
31-out-16;32.05
28-out-16;31.43
27-out-16;30.63
26-out-16;30.35
25-out-16;28.99
24-out-16;29.42
21-out-16;29.46
20-out-16;29.9
19-out-16;31.46
18-out-16;31.41
17-out-16;32.99
14-out-16;34.08
13-out-16;35.01
12-out-16;35.53
11-out-16;35.3
10-out-16;34.17
7-out-16;34.22
6-out-16;35.02
5-out-16;35.26
4-out-16;34.79
3-out-16;33.61
30-set-16;33.63
29-set-16;35.04
28-set-16;31.75
27-set-16;33.16
26-set-16;34.86
23-set-16;32.91
22-set-16;32.26
21-set-16;32.48
20-set-16;36.73
19-set-16;36.55
16-set-16;36.18
15-set-16;37.38
14-set-16;38.32
13-set-16;38.32
12-set-16;33.96
9-set-16;34.31
8-set-16;30.98
7-set-16;30.77
6-set-16;31.17
2-set-16;30.58
1-set-16;32.71
31-ago-16;33.06
30-ago-16;33.53
29-ago-16;32.96
26-ago-16;33.78
25-ago-16;34.17
24-ago-16;33.52
23-ago-16;32.43
22-ago-16;32.9
19-ago-16;31.6
18-ago-16;32.4
17-ago-16;33.18
16-ago-16;33.64
15-ago-16;32.37
12-ago-16;31.82
11-ago-16;31.89
10-ago-16;33.15
9-ago-16;32.82
8-ago-16;33.56
5-ago-16;33
4-ago-16;33.3
3-ago-16;33.03
2-ago-16;33.61
1-ago-16;33.06
29-jul-16;31.42
28-jul-16;32.73
27-jul-16;32.19
26-jul-16;33.17
25-jul-16;33.61
22-jul-16;32.37
21-jul-16;33
20-jul-16;32.66
19-jul-16;33.12
18-jul-16;34.08
15-jul-16;34.24
14-jul-16;34.42
13-jul-16;34.59
12-jul-16;35.6
11-jul-16;35.5
8-jul-16;36.26
7-jul-16;37
6-jul-16;37.82
5-jul-16;38.37
1-jul-16;36
30-jun-16;36.61
29-jun-16;36.93
28-jun-16;38.62
27-jun-16;42.22
24-jun-16;42.22
23-jun-16;39.76
22-jun-16;43.52
21-jun-16;40.95
20-jun-16;41.15
17-jun-16;42.64
16-jun-16;43.27
15-jun-16;42.49
14-jun-16;44.73
13-jun-16;42.94
10-jun-16;41.06
9-jun-16;37.71
8-jun-16;36.38
7-jun-16;36.36
6-jun-16;37.1
3-jun-16;36.53
2-jun-16;37.61
1-jun-16;38.6
31-mai-16;40.49
27-mai-16;40.02
26-mai-16;40.89
25-mai-16;42.53
24-mai-16;42.77
23-mai-16;43.27
20-mai-16;41.89
19-mai-16;43.19
18-mai-16;44.05
17-mai-16;43.64
16-mai-16;43.4
13-mai-16;44.1
12-mai-16;40.81
11-mai-16;41.43
10-mai-16;42.03
9-mai-16;45.53
6-mai-16;43.09
5-mai-16;43.2
4-mai-16;42.73
3-mai-16;44.3
2-mai-16;43.09
29-abr-16;40.81
28-abr-16;40.26
27-abr-16;40.27
26-abr-16;40.72
25-abr-16;43.41
22-abr-16;42.55
21-abr-16;44.24
20-abr-16;44.3
19-abr-16;44.69
18-abr-16;47.77
15-abr-16;55.43
14-abr-16;52.41
13-abr-16;55.63
12-abr-16;57.79
11-abr-16;58.05
8-abr-16;53.93
7-abr-16;53.18
6-abr-16;56.59
5-abr-16;57.2
4-abr-16;55.37
1-abr-16;50.94
31-mar-16;51.49
30-mar-16;50.02
29-mar-16;52.2
28-mar-16;54.48
24-mar-16;53.71
23-mar-16;52.19
22-mar-16;48.63
21-mar-16;49.76
18-mar-16;51.96
17-mar-16;54.7
16-mar-16;52.93
15-mar-16;54.26
14-mar-16;50.68
11-mar-16;51.17
10-mar-16;51.78
9-mar-16;52.16
8-mar-16;53.03
7-mar-16;52.37
4-mar-16;53.09
3-mar-16;49
2-mar-16;46.83
1-mar-16;46.97
29-fev-16;48.48
26-fev-16;48.26
25-fev-16;48.18
24-fev-16;49.04
23-fev-16;47.21
22-fev-16;46.92
19-fev-16;48.05
18-fev-16;49.74
17-fev-16;51.26
16-fev-16;52.07
12-fev-16;53.1
11-fev-16;55.61
10-fev-16;53
9-fev-16;56.35
8-fev-16;55.7
5-fev-16;52.72
4-fev-16;50.94
3-fev-16;50.97
2-fev-16;49.19
1-fev-16;44.99
29-jan-16;42.95
28-jan-16;45.25
27-jan-16;46.09
26-jan-16;48.86
25-jan-16;50.97
22-jan-16;49.31
21-jan-16;52.29
20-jan-16;51.09
19-jan-16;49.56
15-jan-16;49.81
14-jan-16;45.18
13-jan-16;46.32
12-jan-16;46.1
11-jan-16;46.04
8-jan-16;47.42
7-jan-16;47.33
6-jan-16;45.43
5-jan-16;45.14
4-jan-16;46.92
31-dez-15;43.79
30-dez-15;43.55
29-dez-15;41.62
28-dez-15;42.88
24-dez-15;41.4
23-dez-15;42.1
22-dez-15;45.12
21-dez-15;49.3
18-dez-15;50.07
17-dez-15;48.09
16-dez-15;48.42
15-dez-15;50.56
14-dez-15;54.39
11-dez-15;54.01
10-dez-15;50.05
9-dez-15;48.1
8-dez-15;49.56
7-dez-15;46.1
4-dez-15;45
3-dez-15;45.72
2-dez-15;47.68
1-dez-15;46.2
30-nov-15;45.98
27-nov-15;43.22
25-nov-15;42.73
24-nov-15;40.15
23-nov-15;40.62
20-nov-15;40.71
19-nov-15;40.41
18-nov-15;42.29
17-nov-15;44.88
16-nov-15;45.75
13-nov-15;46.71
12-nov-15;45.55
11-nov-15;44.28
10-nov-15;44.01
9-nov-15;43.67
6-nov-15;41.63
5-nov-15;41.2
4-nov-15;41.75
3-nov-15;40.44
2-nov-15;42.69
30-out-15;43.32
29-out-15;45.56
28-out-15;45.86
27-out-15;46.05
26-out-15;47.26
23-out-15;46.51
22-out-15;46.94
21-out-15;48.22
20-out-15;48.39
19-out-15;49.86
16-out-15;49.39
15-out-15;49.5
14-out-15;49.84
13-out-15;51.11
12-out-15;48.57
9-out-15;46.8
8-out-15;47.95
7-out-15;48.96
6-out-15;48.7
5-out-15;49.44
2-out-15;51.42
1-out-15;53.5
30-set-15;55.23
29-set-15;59.33
28-set-15;59.38
25-set-15;55.48
24-set-15;58.54
23-set-15;55.07
22-set-15;52.61
21-set-15;50.22
18-set-15;48.97
17-set-15;47.23
16-set-15;49.34
15-set-15;52.46
14-set-15;53.68
11-set-15;53.11
10-set-15;53.91
9-set-15;52.1
8-set-15;53.57
4-set-15;55.87
3-set-15;52.88
2-set-15;53.65
1-set-15;55.32
31-ago-15;48.25
28-ago-15;46.13
27-ago-15;43.32
26-ago-15;46.01
25-ago-15;50.58
24-ago-15;52.03
21-ago-15;48.76
20-ago-15;40.53
19-ago-15;40.05
18-ago-15;39.42
17-ago-15;39.48
14-ago-15;40.51
13-ago-15;41.4
12-ago-15;40.93
11-ago-15;40.74
10-ago-15;39.66
7-ago-15;39.88
6-ago-15;38.95
5-ago-15;37.3
4-ago-15;37.34
3-ago-15;37.72
31-jul-15;36.33
30-jul-15;37.08
29-jul-15;36.61
28-jul-15;39.66
27-jul-15;40.66
24-jul-15;38.08
23-jul-15;35.24
22-jul-15;32.37
21-jul-15;31.37
20-jul-15;31.18
17-jul-15;30.06
16-jul-15;28.52
15-jul-15;29.08
14-jul-15;29.09
13-jul-15;29.23
10-jul-15;31.52
9-jul-15;32.33
8-jul-15;33.47
7-jul-15;31.68
6-jul-15;31.27
2-jul-15;29.35
1-jul-15;29.62
30-jun-15;30.3
29-jun-15;30.83
26-jun-15;29.22
25-jun-15;29.14
24-jun-15;27.63
23-jun-15;28.15
22-jun-15;29.17
19-jun-15;29.77
18-jun-15;30.01
17-jun-15;30.33
16-jun-15;31.32
15-jun-15;32.01
12-jun-15;31.28
11-jun-15;30.63
10-jun-15;30.29
9-jun-15;31.34
8-jun-15;31.65
5-jun-15;31.62
4-jun-15;31.56
3-jun-15;31.32
2-jun-15;31.66
1-jun-15;32.52
29-mai-15;32.07
28-mai-15;31.94
27-mai-15;31.56
26-mai-15;31.56
22-mai-15;28.99
21-mai-15;29.08
20-mai-15;29.37
19-mai-15;29.76
18-mai-15;29.41
15-mai-15;28.84
14-mai-15;29.5
13-mai-15;29.63
12-mai-15;30.76
11-mai-15;30.61
8-mai-15;30.49
7-mai-15;32.67
6-mai-15;32.73
5-mai-15;32.53
4-mai-15;32.72
1-mai-15;32.24
30-abr-15;32.87
29-abr-15;32.63
28-abr-15;32.09
27-abr-15;32.17
24-abr-15;31.42
23-abr-15;31.76
22-abr-15;32.8
21-abr-15;33.8
20-abr-15;34.16
17-abr-15;34.02
16-abr-15;33.57
15-abr-15;33.85
14-abr-15;34.52
13-abr-15;34.85
10-abr-15;34.45
9-abr-15;34.58
8-abr-15;34.37
7-abr-15;35.59
6-abr-15;36.33
2-abr-15;35.79
1-abr-15;35.92
31-mar-15;35
30-mar-15;36.16
27-mar-15;36.93
26-mar-15;38.52
25-mar-15;38.51
24-mar-15;37.23
23-mar-15;37.1
20-mar-15;37.08
19-mar-15;38.84
18-mar-15;38.89
17-mar-15;39.41
16-mar-15;40.3
13-mar-15;40.17
12-mar-15;37.59
11-mar-15;38.28
10-mar-15;39.09
9-mar-15;38.13
6-mar-15;36.19
5-mar-15;35.04
4-mar-15;35.42
3-mar-15;34.15
2-mar-15;34.32
27-fev-15;32.7
26-fev-15;33.61
25-fev-15;33.69
24-fev-15;33.52
23-fev-15;34.54
20-fev-15;34.56
19-fev-15;36.02
18-fev-15;37.78
17-fev-15;37.44
13-fev-15;36.97
12-fev-15;38.43
11-fev-15;40.44
10-fev-15;39.1
9-fev-15;38.05
6-fev-15;36.96
5-fev-15;35.61
4-fev-15;36.3
3-fev-15;35.74
2-fev-15;37.71
30-jan-15;37.75
29-jan-15;34.71
28-jan-15;34.68
27-jan-15;32.91
26-jan-15;33
23-jan-15;32.67
22-jan-15;32.04
21-jan-15;33.42
20-jan-15;34.94
16-jan-15;34.16
15-jan-15;35.1
14-jan-15;35.81
13-jan-15;33.99
12-jan-15;34.84
9-jan-15;33.85
8-jan-15;34.32
7-jan-15;35
6-jan-15;36.45
5-jan-15;37.12
2-jan-15;34.57
31-dez-14;34.21
30-dez-14;32.96
29-dez-14;34.27
26-dez-14;32.93
24-dez-14;32.7
23-dez-14;33.25
22-dez-14;33.9
19-dez-14;34.79
18-dez-14;37.34
17-dez-14;39.46
16-dez-14;41.27
15-dez-14;39.94
12-dez-14;35.38
11-dez-14;34.78
10-dez-14;34.01
9-dez-14;33.7
8-dez-14;33.26
5-dez-14;31.66
4-dez-14;32.43
3-dez-14;32.45
2-dez-14;35.01
1-dez-14;36.11
28-nov-14;34.28
26-nov-14;35.11
25-nov-14;35.32
24-nov-14;36.47
21-nov-14;35.61
20-nov-14;35.81
19-nov-14;35.39
18-nov-14;34.41
17-nov-14;34.74
14-nov-14;33.88
13-nov-14;32.65
12-nov-14;32.95
11-nov-14;32.83
10-nov-14;35.07
7-nov-14;35.76
6-nov-14;36.72
5-nov-14;35.72
4-nov-14;35.33
3-nov-14;34.82
31-out-14;34.22
30-out-14;33.87
29-out-14;33.2
28-out-14;31.18
27-out-14;31.3
24-out-14;58.16
23-out-14;53.6
22-out-14;61.17
21-out-14;67.66
20-out-14;72.83
17-out-14;70.03
16-out-14;68.51
15-out-14;66.82
14-out-14;66.56
13-out-14;66.7
10-out-14;54.42
9-out-14;56.24
8-out-14;57.61
7-out-14;54.73
6-out-14;51.03
3-out-14;43.93
2-out-14;43.49
1-out-14;43.73
30-set-14;44.24
29-set-14;45.6
26-set-14;39.71
25-set-14;41.15
24-set-14;40.27
23-set-14;42.5
22-set-14;39.24
19-set-14;37.23
18-set-14;36.74
17-set-14;36.41
16-set-14;36.15
15-set-14;36.33
12-set-14;34.76
11-set-14;33.2
10-set-14;32.47
9-set-14;32.18
8-set-14;30.11
5-set-14;28.15
4-set-14;28.23
3-set-14;28.39
2-set-14;28.19
29-ago-14;26.68
28-ago-14;26.35
27-ago-14;25.05
26-ago-14;25.44
25-ago-14;25.51
22-ago-14;24.4
21-ago-14;24.29
20-ago-14;23.5
19-ago-14;23.41
18-ago-14;24.25
15-ago-14;26.85
14-ago-14;26.31
13-ago-14;26.15
12-ago-14;25.09
11-ago-14;24.09
8-ago-14;27.51
7-ago-14;29.14
6-ago-14;29.1
5-ago-14;29.34
4-ago-14;28.42
1-ago-14;28.34
31-jul-14;28.17
30-jul-14;26.23
29-jul-14;25.88
28-jul-14;25.41
25-jul-14;24.62
24-jul-14;24.55
23-jul-14;25.15
22-jul-14;25.86
21-jul-14;25.86
18-jul-14;24.97
17-jul-14;25.57
16-jul-14;23.92
15-jul-14;23.86
14-jul-14;23.92
11-jul-14;23.85
10-jul-14;24.62
9-jul-14;24.77
8-jul-14;24.6
7-jul-14;24.52
3-jul-14;23.97
2-jul-14;24.69
1-jul-14;24.45
30-jun-14;24.92
27-jun-14;24
26-jun-14;24.81
25-jun-14;24.79
24-jun-14;24.35
23-jun-14;25.35
20-jun-14;25.04
19-jun-14;25.13
18-jun-14;24.87
17-jun-14;24.67
16-jun-14;24.83
13-jun-14;24.49
12-jun-14;24.9
11-jun-14;24.5
10-jun-14;24.48
9-jun-14;24.19
6-jun-14;24.26
5-jun-14;24.94
4-jun-14;25.41
3-jun-14;25.38
2-jun-14;25.81
30-mai-14;24.75
29-mai-14;23.65
28-mai-14;23.68
27-mai-14;24.98
23-mai-14;23.35
22-mai-14;23.47
21-mai-14;24.24
20-mai-14;24.64
19-mai-14;22.99
16-mai-14;22.82
15-mai-14;23.24
14-mai-14;22.73
13-mai-14;22.58
12-mai-14;23.15
9-mai-14;24.95
8-mai-14;25.35
7-mai-14;25.71
6-mai-14;26.04
5-mai-14;26.44
2-mai-14;25.51
1-mai-14;26.66
30-abr-14;27.17
29-abr-14;28.04
28-abr-14;29.25
25-abr-14;28.86
24-abr-14;27.67
23-abr-14;28.92
22-abr-14;30.1
21-abr-14;30.19
17-abr-14;30.43
16-abr-14;30.27
15-abr-14;32.19
14-abr-14;30.78
11-abr-14;30.35
10-abr-14;30.38
9-abr-14;29.4
8-abr-14;29.26
7-abr-14;28.94
4-abr-14;27.82
3-abr-14;27.09
2-abr-14;26.24
1-abr-14;26.77
31-mar-14;28.05
28-mar-14;28.16
27-mar-14;28.46
26-mar-14;28.58
25-mar-14;29.03
24-mar-14;30.1
21-mar-14;29.49
20-mar-14;28.79
19-mar-14;29.54
18-mar-14;29.67
17-mar-14;31.65
14-mar-14;33.63
13-mar-14;32.69
12-mar-14;31.9
11-mar-14;33.42
10-mar-14;33.66
7-mar-14;31.94
6-mar-14;30.05
5-mar-14;29.89
4-mar-14;32.1
3-mar-14;33.39
28-fev-14;30.25
27-fev-14;29.37
26-fev-14;30.56
25-fev-14;30.79
24-fev-14;30.41
21-fev-14;30.29
20-fev-14;31.16
19-fev-14;31.66
18-fev-14;32.03
14-fev-14;29.53
13-fev-14;29.1
12-fev-14;29.8
11-fev-14;28.5
10-fev-14;29.76
7-fev-14;28.78
6-fev-14;30.49
5-fev-14;31.13
4-fev-14;31.29
3-fev-14;31.95
31-jan-14;30
30-jan-14;29.28
29-jan-14;30.1
28-jan-14;29.43
27-jan-14;29.68
24-jan-14;28.28
23-jan-14;25.57
22-jan-14;23.86
21-jan-14;24.81
17-jan-14;23
16-jan-14;23.94
15-jan-14;23.78
14-jan-14;24.14
13-jan-14;24.3
10-jan-14;24.64
9-jan-14;25.67
8-jan-14;24.61
7-jan-14;24.48
6-jan-14;25.9
3-jan-14;25.2
2-jan-14;26.19
31-dez-13;23.39
30-dez-13;23.44
27-dez-13;22.67
26-dez-13;23.15
24-dez-13;23.13
23-dez-13;23.74
20-dez-13;24.59
19-dez-13;24.88
18-dez-13;26.06
17-dez-13;27.81
16-dez-13;27.24
13-dez-13;27.46
12-dez-13;27.9
11-dez-13;27.9
10-dez-13;26.56
9-dez-13;27.02
6-dez-13;27.55
5-dez-13;29.18
4-dez-13;28.82
3-dez-13;29.16
2-dez-13;28.91
29-nov-13;27.8
27-nov-13;28.97
26-nov-13;28.87
25-nov-13;29.09
22-nov-13;28.63
21-nov-13;29.05
20-nov-13;28.94
19-nov-13;28.01
18-nov-13;27.42
15-nov-13;26.78
14-nov-13;26.79
13-nov-13;27.75
12-nov-13;28.65
11-nov-13;28.51
8-nov-13;28.59
7-nov-13;28.85
6-nov-13;27.59
5-nov-13;27.59
4-nov-13;25.72
1-nov-13;25.42
31-out-13;24.44
30-out-13;23.65
29-out-13;23.59
28-out-13;24.03
25-out-13;23.82
24-out-13;23.98
23-out-13;23.25
22-out-13;21.45
21-out-13;21.78
18-out-13;22.09
17-out-13;22.97
16-out-13;24.92
15-out-13;26.38
14-out-13;25.69
11-out-13;25.45
10-out-13;27.1
9-out-13;28.85
8-out-13;29.25
7-out-13;28.55
4-out-13;26.92
3-out-13;27.37
2-out-13;26.46
1-out-13;26.81
30-set-13;27.66
27-set-13;26.05
26-set-13;25.17
25-set-13;25.39
24-set-13;25.37
23-set-13;26.27
20-set-13;27.55
19-set-13;26.33
18-set-13;26.96
17-set-13;29.47
16-set-13;28.56
13-set-13;27.57
12-set-13;27.96
11-set-13;28.42
10-set-13;29.65
9-set-13;29.53
6-set-13;29.49
5-set-13;29.26
4-set-13;30.67
3-set-13;31.97
30-ago-13;32.18
29-ago-13;32.61
28-ago-13;32.41
27-ago-13;32.72
26-ago-13;31.57
23-ago-13;29.01
22-ago-13;30.56
21-ago-13;31.64
20-ago-13;31.35
19-ago-13;31.76
16-ago-13;30.04
15-ago-13;28.74
14-ago-13;28.25
13-ago-13;27.6
12-ago-13;27.84
9-ago-13;26.27
8-ago-13;26.95
7-ago-13;26.95
6-ago-13;26.77
5-ago-13;26.53
2-ago-13;25.71
1-ago-13;26.54
31-jul-13;27.57
30-jul-13;27.58
29-jul-13;27.29
26-jul-13;26.12
25-jul-13;25.77
24-jul-13;27.42
23-jul-13;25.42
22-jul-13;25.88
19-jul-13;28.91
18-jul-13;29.23
17-jul-13;29.79
16-jul-13;30.16
15-jul-13;28.89
12-jul-13;31.43
11-jul-13;30.6
10-jul-13;32.06
9-jul-13;32.11
8-jul-13;34.69
5-jul-13;35.3
3-jul-13;35.36
2-jul-13;35.04
1-jul-13;31.52
28-jun-13;32.25
27-jun-13;32.9
26-jun-13;35.14
25-jun-13;37.43
24-jun-13;40.02
21-jun-13;38.47
20-jun-13;40.35
19-jun-13;33.85
18-jun-13;32.67
17-jun-13;33.34
14-jun-13;31.35
13-jun-13;30.87
12-jun-13;32.59
11-jun-13;30.75
10-jun-13;28.04
7-jun-13;28.48
6-jun-13;27.92
5-jun-13;27.95
4-jun-13;26.59
3-jun-13;26.03
31-mai-13;26.78
30-mai-13;23.67
29-mai-13;23.77
28-mai-13;21.24
24-mai-13;20.66
23-mai-13;20.48
22-mai-13;19.85
21-mai-13;18.25
20-mai-13;18.42
17-mai-13;18.06
16-mai-13;19.29
15-mai-13;19.84
14-mai-13;20.21
13-mai-13;20.41
10-mai-13;20.59
9-mai-13;20.06
8-mai-13;19.6
7-mai-13;19.53
6-mai-13;20.09
3-mai-13;20.22
2-mai-13;20.74
1-mai-13;20.98
30-abr-13;20.02
29-abr-13;20.41
26-abr-13;21.24
25-abr-13;20.37
24-abr-13;20.77
23-abr-13;21.35
22-abr-13;22.18
19-abr-13;22.28
18-abr-13;24.16
17-abr-13;24.04
16-abr-13;21.54
15-abr-13;23.61
12-abr-13;19.73
11-abr-13;19.5
10-abr-13;19.42
9-abr-13;19.1
8-abr-13;19.6
5-abr-13;19.65
4-abr-13;19.51
3-abr-13;19.14
2-abr-13;19.07
1-abr-13;19.17
28-mar-13;18.01
27-mar-13;18.5
26-mar-13;19.28
25-mar-13;20.51
22-mar-13;21.76
21-mar-13;21.65
20-mar-13;20.14
19-mar-13;20.35
18-mar-13;19.29
15-mar-13;17.74
14-mar-13;18.37
13-mar-13;18.36
12-mar-13;17.31
11-mar-13;17.35
8-mar-13;17.45
7-mar-13;18
6-mar-13;18.29
5-mar-13;18.72
4-mar-13;19.27
1-mar-13;19.04
28-fev-13;18.71
27-fev-13;18.87
26-fev-13;20.36
25-fev-13;21.13
22-fev-13;19.31
21-fev-13;19.39
20-fev-13;18.14
19-fev-13;16.67
15-fev-13;16.91
14-fev-13;17.46
13-fev-13;17.46
12-fev-13;17.71
11-fev-13;18.3
8-fev-13;19.01
7-fev-13;19.67
6-fev-13;19.52
5-fev-13;19.65
4-fev-13;20.39
1-fev-13;18.86
31-jan-13;19.71
30-jan-13;20.1
29-jan-13;19.5
28-jan-13;19.62
25-jan-13;18.36
24-jan-13;18.39
23-jan-13;17.72
22-jan-13;17.73
18-jan-13;17.48
17-jan-13;18.62
16-jan-13;18.96
15-jan-13;18.43
14-jan-13;18.66
11-jan-13;19.32
10-jan-13;19.02
9-jan-13;19.11
8-jan-13;19.64
7-jan-13;19.73
4-jan-13;19.38
3-jan-13;19.92
2-jan-13;19.96
31-dez-12;23.67
28-dez-12;24.74
27-dez-12;22.98
26-dez-12;22.64
24-dez-12;22.59
21-dez-12;22.59
20-dez-12;22.48
19-dez-12;22.56
18-dez-12;22.09
17-dez-12;22.98
14-dez-12;22.94
13-dez-12;22.93
12-dez-12;22.36
11-dez-12;21.83
10-dez-12;22.04
7-dez-12;21.83
6-dez-12;22.95
5-dez-12;23.75
4-dez-12;24.12
3-dez-12;24.15
30-nov-12;23.29
29-nov-12;22.82
28-nov-12;23.46
27-nov-12;23.02
26-nov-12;22.24
23-nov-12;21.51
21-nov-12;22.67
20-nov-12;23.1
19-nov-12;23.42
16-nov-12;25.03
15-nov-12;26.81
14-nov-12;26.65
13-nov-12;26.19
12-nov-12;24.55
9-nov-12;26.28
8-nov-12;25.81
7-nov-12;24.53
6-nov-12;24.67
5-nov-12;25.2
2-nov-12;24.65
1-nov-12;23.88
31-out-12;25.34
26-out-12;25.1
25-out-12;25.48
24-out-12;26.68
23-out-12;26.33
22-out-12;23.87
19-out-12;23.8
18-out-12;23.49
17-out-12;23.76
16-out-12;24.21
15-out-12;23.54
12-out-12;24.82
11-out-12;24.41
10-out-12;25.36
9-out-12;25.39
8-out-12;25.17
5-out-12;24.93
4-out-12;25.67
3-out-12;25.82
2-out-12;26.14
1-out-12;26.59
28-set-12;26.69
27-set-12;26.07
26-set-12;27.13
25-set-12;26.89
24-set-12;24.95
21-set-12;25.16
20-set-12;25.91
19-set-12;26.05
18-set-12;26.47
17-set-12;27.27
14-set-12;26.62
13-set-12;26.91
12-set-12;29.46
11-set-12;29.16
10-set-12;29.15
7-set-12;28.49
6-set-12;28.52
5-set-12;31.11
4-set-12;31.86
31-ago-12;30.28
30-ago-12;31.27
29-ago-12;30.97
28-ago-12;29.24
27-ago-12;28.89
24-ago-12;28
23-ago-12;27.61
22-ago-12;27.64
21-ago-12;26.9
20-ago-12;26.98
17-ago-12;25.03
16-ago-12;25.66
15-ago-12;26.34
14-ago-12;26.81
13-ago-12;25.26
10-ago-12;27
9-ago-12;27.73
8-ago-12;27.85
7-ago-12;29.15
6-ago-12;29.33
3-ago-12;28.53
2-ago-12;31.76
1-ago-12;31.71
31-jul-12;31.31
30-jul-12;29.59
27-jul-12;28.83
26-jul-12;28.89
25-jul-12;32.02
24-jul-12;32.42
23-jul-12;32.07
20-jul-12;28.12
19-jul-12;26.41
18-jul-12;27.1
17-jul-12;28
16-jul-12;29.26
13-jul-12;28.06
12-jul-12;30.01
11-jul-12;30.34
10-jul-12;31.22
9-jul-12;30.81
6-jul-12;29.97
5-jul-12;29.36
3-jul-12;28.89
2-jul-12;28.94
29-jun-12;29.75
28-jun-12;32.56
27-jun-12;32.79
26-jun-12;33.56
25-jun-12;34.24
22-jun-12;32.32
21-jun-12;32.26
20-jun-12;29.49
19-jun-12;31.87
18-jun-12;34.06
15-jun-12;37.15
14-jun-12;39.8
13-jun-12;40.02
12-jun-12;37.85
11-jun-12;39.28
8-jun-12;36.39
7-jun-12;36.26
6-jun-12;37.18
5-jun-12;38.76
4-jun-12;40.14
1-jun-12;40.11
31-mai-12;37.69
30-mai-12;39.31
29-mai-12;37.2
25-mai-12;38.03
24-mai-12;38.3
23-mai-12;39.23
22-mai-12;40.3
21-mai-12;38.33
18-mai-12;43.63
17-mai-12;44.53
16-mai-12;39.43
15-mai-12;39.06
14-mai-12;37.36
11-mai-12;32.77
10-mai-12;31.96
9-mai-12;32.43
8-mai-12;30.49
7-mai-12;29.33
4-mai-12;29.44
3-mai-12;26.34
2-mai-12;25.91
1-mai-12;26.31
30-abr-12;27.21
27-abr-12;25.95
26-abr-12;26.19
25-abr-12;27.07
24-abr-12;27.21
23-abr-12;28.43
20-abr-12;26.66
19-abr-12;27.83
18-abr-12;28.15
17-abr-12;28.89
16-abr-12;29.84
13-abr-12;29.55
12-abr-12;28.14
11-abr-12;29.94
10-abr-12;30.25
9-abr-12;28.41
5-abr-12;26.62
4-abr-12;26.85
3-abr-12;25.82
2-abr-12;25.44
30-mar-12;26.5
29-mar-12;26.52
28-mar-12;26.98
27-mar-12;26.29
26-mar-12;25.73
23-mar-12;26.35
22-mar-12;26.69
21-mar-12;25.45
20-mar-12;27.1
19-mar-12;26.05
16-mar-12;25.98
15-mar-12;26.86
14-mar-12;29.09
13-mar-12;27.31
12-mar-12;28.55
9-mar-12;29.12
8-mar-12;28.29
7-mar-12;30.22
6-mar-12;31.35
5-mar-12;28.03
2-mar-12;26.67
1-mar-12;26.97
29-fev-12;28.28
28-fev-12;27.28
27-fev-12;27.86
24-fev-12;26.02
23-fev-12;26.89
22-fev-12;27.79
21-fev-12;28.64
17-fev-12;30.66
16-fev-12;32.02
15-fev-12;33.42
14-fev-12;32.11
13-fev-12;30.72
10-fev-12;31.6
9-fev-12;29.11
8-fev-12;29.86
7-fev-12;29.38
6-fev-12;30.28
3-fev-12;28.4
2-fev-12;28.77
1-fev-12;28.11
31-jan-12;29.63
30-jan-12;30.2
27-jan-12;29.27
26-jan-12;30.52
25-jan-12;28.65
24-jan-12;29.36
23-jan-12;29.69
20-jan-12;29.31
19-jan-12;30.79
18-jan-12;30.47
17-jan-12;31.61
13-jan-12;32.7
12-jan-12;30.75
11-jan-12;30.18
10-jan-12;30.12
9-jan-12;31.27
6-jan-12;32.46
5-jan-12;32.77
4-jan-12;32.71
3-jan-12;33.76
30-dez-11;34.88
29-dez-11;33.97
28-dez-11;35.55
27-dez-11;32.72
23-dez-11;31.51
22-dez-11;32.63
21-dez-11;33.8
20-dez-11;34.64
19-dez-11;38.6
16-dez-11;35.42
15-dez-11;36.67
14-dez-11;39.7
13-dez-11;39.42
12-dez-11;40.82
9-dez-11;39.66
8-dez-11;43.98
7-dez-11;41.77
6-dez-11;41.11
5-dez-11;40.17
2-dez-11;40.34
1-dez-11;40.38
30-nov-11;40.5
29-nov-11;44.55
28-nov-11;46.52
25-nov-11;49.16
23-nov-11;47.26
22-nov-11;44.75
21-nov-11;46.08
18-nov-11;44.53
17-nov-11;47.74
16-nov-11;44.4
15-nov-11;42.37
14-nov-11;42.9
11-nov-11;41.22
10-nov-11;44.69
9-nov-11;46.68
8-nov-11;38.88
7-nov-11;41.47
4-nov-11;42.3
3-nov-11;41.51
2-nov-11;42.28
1-nov-11;45.2
31-out-11;39.35
28-out-11;34.54
27-out-11;36.87
26-out-11;41.51
25-out-11;44.01
24-out-11;40.16
21-out-11;44.34
20-out-11;47.38
19-out-11;45.66
18-out-11;43.48
17-out-11;46.91
14-out-11;40.59
13-out-11;42.53
12-out-11;43.28
11-out-11;46.19
10-out-11;47.45
7-out-11;51.3
6-out-11;50.16
